1A-FE-34-9E-34-98,1AFE349E3498,18-FE-34-9E-34-98,18FE349E3498
1A-FE-34-9E-34-98,1AFE349E3498,18-FE-34-9E-34-98,18FE349E3498
1A-FE-34-9E-34-98,1AFE349E3498,18-FE-34-9E-34-98,18FE349E3498
1A-FE-34-9E-34-98,1AFE349E3498,18-FE-34-9E-34-98,18FE349E3498
1A-FE-34-9E-34-98,1AFE349E3498,18-FE-34-9E-34-98,18FE349E3498
1A-FE-34-9E-34-98,1AFE349E3498,18-FE-34-9E-34-98,18FE349E3498
1A-FE-34-A0-A0-66,1AFE34A0A066,18-FE-34-A0-A0-66,18FE34A0A066
1A-FE-34-A0-A0-66,1AFE34A0A066,18-FE-34-A0-A0-66,18FE34A0A066
1A-FE-34-A0-A0-7A,1AFE34A0A07A,18-FE-34-A0-A0-7A,18FE34A0A07A
1A-FE-34-A0-A0-7A,1AFE34A0A07A,18-FE-34-A0-A0-7A,18FE34A0A07A
1A-FE-34-A0-A0-7A,1AFE34A0A07A,18-FE-34-A0-A0-7A,18FE34A0A07A
1A-FE-34-A0-A0-7A,1AFE34A0A07A,18-FE-34-A0-A0-7A,18FE34A0A07A
1A-FE-34-A1-C3-8D,1AFE34A1C38D,18-FE-34-A1-C3-8D,18FE34A1C38D
1A-FE-34-A1-C3-32,1AFE34A1C332,18-FE-34-A1-C3-32,18FE34A1C332
1A-FE-34-A1-C3-32,1AFE34A1C332,18-FE-34-A1-C3-32,18FE34A1C332
1A-FE-34-A1-C3-32,1AFE34A1C332,18-FE-34-A1-C3-32,18FE34A1C332
1A-FE-34-A1-C3-32,1AFE34A1C332,18-FE-34-A1-C3-32,18FE34A1C332
1A-FE-34-A6-87-2B,1AFE34A6872B,18-FE-34-A6-87-2B,18FE34A6872B
1A-FE-34-A6-87-D9,1AFE34A687D9,18-FE-34-A6-87-D9,18FE34A687D9
1A-FE-34-A6-87-D9,1AFE34A687D9,18-FE-34-A6-87-D9,18FE34A687D9
1A-FE-34-A6-87-E5,1AFE34A687E5,18-FE-34-A6-87-E5,18FE34A687E5
1A-FE-34-A6-87-E5,1AFE34A687E5,18-FE-34-A6-87-E5,18FE34A687E5
1A-FE-34-A6-87-E5,1AFE34A687E5,18-FE-34-A6-87-E5,18FE34A687E5
1A-FE-34-A6-89-3E,1AFE34A6893E,18-FE-34-A6-89-3E,18FE34A6893E
1A-FE-34-A6-88-3A,1AFE34A6883A,18-FE-34-A6-88-3A,18FE34A6883A
1A-FE-34-A6-86-F2,1AFE34A686F2,18-FE-34-A6-86-F2,18FE34A686F2
1A-FE-34-A6-85-1A,1AFE34A6851A,18-FE-34-A6-85-1A,18FE34A6851A
1A-FE-34-A6-88-99,1AFE34A68899,18-FE-34-A6-88-99,18FE34A68899
1A-FE-34-A6-88-99,1AFE34A68899,18-FE-34-A6-88-99,18FE34A68899
1A-FE-34-A6-88-99,1AFE34A68899,18-FE-34-A6-88-99,18FE34A68899
1A-FE-34-A6-85-85,1AFE34A68585,18-FE-34-A6-85-85,18FE34A68585
1A-FE-34-A6-84-E4,1AFE34A684E4,18-FE-34-A6-84-E4,18FE34A684E4
1A-FE-34-A6-84-D1,1AFE34A684D1,18-FE-34-A6-84-D1,18FE34A684D1
1A-FE-34-A6-89-71,1AFE34A68971,18-FE-34-A6-89-71,18FE34A68971
1A-FE-34-A6-88-9F,1AFE34A6889F,18-FE-34-A6-88-9F,18FE34A6889F
1A-FE-34-A6-87-04,1AFE34A68704,18-FE-34-A6-87-04,18FE34A68704
1A-FE-34-A6-83-D5,1AFE34A683D5,18-FE-34-A6-83-D5,18FE34A683D5
1A-FE-34-A6-82-38,1AFE34A68238,18-FE-34-A6-82-38,18FE34A68238
1A-FE-34-A6-82-38,1AFE34A68238,18-FE-34-A6-82-38,18FE34A68238
1A-FE-34-A6-84-00,1AFE34A68400,18-FE-34-A6-84-00,18FE34A68400
1A-FE-34-A6-85-88,1AFE34A68588,18-FE-34-A6-85-88,18FE34A68588
1A-FE-34-A6-85-C4,1AFE34A685C4,18-FE-34-A6-85-C4,18FE34A685C4
1A-FE-34-A6-82-A2,1AFE34A682A2,18-FE-34-A6-82-A2,18FE34A682A2
1A-FE-34-A6-86-6E,1AFE34A6866E,18-FE-34-A6-86-6E,18FE34A6866E
1A-FE-34-A6-86-FF,1AFE34A686FF,18-FE-34-A6-86-FF,18FE34A686FF
1A-FE-34-A6-87-F2,1AFE34A687F2,18-FE-34-A6-87-F2,18FE34A687F2
1A-FE-34-A6-87-F2,1AFE34A687F2,18-FE-34-A6-87-F2,18FE34A687F2
1A-FE-34-A6-83-B8,1AFE34A683B8,18-FE-34-A6-83-B8,18FE34A683B8
1A-FE-34-A6-83-59,1AFE34A68359,18-FE-34-A6-83-59,18FE34A68359
1A-FE-34-A6-85-9D,1AFE34A6859D,18-FE-34-A6-85-9D,18FE34A6859D
1A-FE-34-A6-82-AA,1AFE34A682AA,18-FE-34-A6-82-AA,18FE34A682AA
1A-FE-34-A6-87-A8,1AFE34A687A8,18-FE-34-A6-87-A8,18FE34A687A8
1A-FE-34-A6-87-A8,1AFE34A687A8,18-FE-34-A6-87-A8,18FE34A687A8
1A-FE-34-A6-88-97,1AFE34A68897,18-FE-34-A6-88-97,18FE34A68897
1A-FE-34-A6-86-DB,1AFE34A686DB,18-FE-34-A6-86-DB,18FE34A686DB
1A-FE-34-A6-88-37,1AFE34A68837,18-FE-34-A6-88-37,18FE34A68837
1A-FE-34-A6-87-8E,1AFE34A6878E,18-FE-34-A6-87-8E,18FE34A6878E
1A-FE-34-A6-89-D7,1AFE34A689D7,18-FE-34-A6-89-D7,18FE34A689D7
1A-FE-34-A6-82-E2,1AFE34A682E2,18-FE-34-A6-82-E2,18FE34A682E2
1A-FE-34-A6-88-22,1AFE34A68822,18-FE-34-A6-88-22,18FE34A68822
1A-FE-34-A6-89-C6,1AFE34A689C6,18-FE-34-A6-89-C6,18FE34A689C6
1A-FE-34-A6-87-E5,1AFE34A687E5,18-FE-34-A6-87-E5,18FE34A687E5
1A-FE-34-A6-89-BA,1AFE34A689BA,18-FE-34-A6-89-BA,18FE34A689BA
1A-FE-34-A6-89-A7,1AFE34A689A7,18-FE-34-A6-89-A7,18FE34A689A7
1A-FE-34-A6-89-A7,1AFE34A689A7,18-FE-34-A6-89-A7,18FE34A689A7
1A-FE-34-A6-89-A7,1AFE34A689A7,18-FE-34-A6-89-A7,18FE34A689A7
1A-FE-34-A6-87-ED,1AFE34A687ED,18-FE-34-A6-87-ED,18FE34A687ED
1A-FE-34-A6-82-0F,1AFE34A6820F,18-FE-34-A6-82-0F,18FE34A6820F
1A-FE-34-A6-89-A7,1AFE34A689A7,18-FE-34-A6-89-A7,18FE34A689A7
1A-FE-34-A6-89-A7,1AFE34A689A7,18-FE-34-A6-89-A7,18FE34A689A7
1A-FE-34-A6-89-A7,1AFE34A689A7,18-FE-34-A6-89-A7,18FE34A689A7
1A-FE-34-A6-89-A7,1AFE34A689A7,18-FE-34-A6-89-A7,18FE34A689A7
1A-FE-34-A6-89-A7,1AFE34A689A7,18-FE-34-A6-89-A7,18FE34A689A7
1A-FE-34-A6-89-A7,1AFE34A689A7,18-FE-34-A6-89-A7,18FE34A689A7
1A-FE-34-A6-85-C8,1AFE34A685C8,18-FE-34-A6-85-C8,18FE34A685C8
1A-FE-34-FC-AB-24,1AFE34FCAB24,18-FE-34-FC-AB-24,18FE34FCAB24
1A-FE-34-FC-A6-8C,1AFE34FCA68C,18-FE-34-FC-A6-8C,18FE34FCA68C
1A-FE-34-FC-AB-C0,1AFE34FCABC0,18-FE-34-FC-AB-C0,18FE34FCABC0
1A-FE-34-FC-A9-60,1AFE34FCA960,18-FE-34-FC-A9-60,18FE34FCA960
1A-FE-34-FC-A9-A8,1AFE34FCA9A8,18-FE-34-FC-A9-A8,18FE34FCA9A8
1A-FE-34-FC-A8-EA,1AFE34FCA8EA,18-FE-34-FC-A8-EA,18FE34FCA8EA
1A-FE-34-FC-A6-F8,1AFE34FCA6F8,18-FE-34-FC-A6-F8,18FE34FCA6F8
1A-FE-34-FC-A5-D6,1AFE34FCA5D6,18-FE-34-FC-A5-D6,18FE34FCA5D6
1A-FE-34-FC-A5-30,1AFE34FCA530,18-FE-34-FC-A5-30,18FE34FCA530
1A-FE-34-FC-A6-80,1AFE34FCA680,18-FE-34-FC-A6-80,18FE34FCA680
1A-FE-34-FC-AA-76,1AFE34FCAA76,18-FE-34-FC-AA-76,18FE34FCAA76
1A-FE-34-A6-87-F3,1AFE34A687F3,18-FE-34-A6-87-F3,18FE34A687F3
1A-FE-34-FC-AA-41,1AFE34FCAA41,18-FE-34-FC-AA-41,18FE34FCAA41
1A-FE-34-FC-A5-51,1AFE34FCA551,18-FE-34-FC-A5-51,18FE34FCA551
1A-FE-34-FC-A6-80,1AFE34FCA680,18-FE-34-FC-A6-80,18FE34FCA680
1A-FE-34-FC-AB-0B,1AFE34FCAB0B,18-FE-34-FC-AB-0B,18FE34FCAB0B
1A-FE-34-FC-A6-80,1AFE34FCA680,18-FE-34-FC-A6-80,18FE34FCA680
1A-FE-34-FC-A4-D9,1AFE34FCA4D9,18-FE-34-FC-A4-D9,18FE34FCA4D9
1A-FE-34-A6-87-D3,1AFE34A687D3,18-FE-34-A6-87-D3,18FE34A687D3
1A-FE-34-FC-AA-22,1AFE34FCAA22,18-FE-34-FC-AA-22,18FE34FCAA22
1A-FE-34-FC-AB-2F,1AFE34FCAB2F,18-FE-34-FC-AB-2F,18FE34FCAB2F
1A-FE-34-A6-87-79,1AFE34A68779,18-FE-34-A6-87-79,18FE34A68779
1A-FE-34-FC-A9-25,1AFE34FCA925,18-FE-34-FC-A9-25,18FE34FCA925
1A-FE-34-FC-A8-9A,1AFE34FCA89A,18-FE-34-FC-A8-9A,18FE34FCA89A
1A-FE-34-FC-A5-19,1AFE34FCA519,18-FE-34-FC-A5-19,18FE34FCA519
1A-FE-34-FC-A5-19,1AFE34FCA519,18-FE-34-FC-A5-19,18FE34FCA519
1A-FE-34-FC-A5-19,1AFE34FCA519,18-FE-34-FC-A5-19,18FE34FCA519
1A-FE-34-FC-A5-19,1AFE34FCA519,18-FE-34-FC-A5-19,18FE34FCA519
1A-FE-34-FC-A5-19,1AFE34FCA519,18-FE-34-FC-A5-19,18FE34FCA519
1A-FE-34-FC-A5-19,1AFE34FCA519,18-FE-34-FC-A5-19,18FE34FCA519
1A-FE-34-FC-A5-19,1AFE34FCA519,18-FE-34-FC-A5-19,18FE34FCA519
1A-FE-34-FC-AB-73,1AFE34FCAB73,18-FE-34-FC-AB-73,18FE34FCAB73
1A-FE-34-FC-A6-80,1AFE34FCA680,18-FE-34-FC-A6-80,18FE34FCA680
1A-FE-34-A6-88-45,1AFE34A68845,18-FE-34-A6-88-45,18FE34A68845
1A-FE-34-FC-A4-D5,1AFE34FCA4D5,18-FE-34-FC-A4-D5,18FE34FCA4D5
1A-FE-34-A6-85-98,1AFE34A68598,18-FE-34-A6-85-98,18FE34A68598
1A-FE-34-FC-A6-80,1AFE34FCA680,18-FE-34-FC-A6-80,18FE34FCA680
1A-FE-34-FC-AB-D4,1AFE34FCABD4,18-FE-34-FC-AB-D4,18FE34FCABD4
1A-FE-34-FC-A7-C8,1AFE34FCA7C8,18-FE-34-FC-A7-C8,18FE34FCA7C8
1A-FE-34-FC-A5-19,1AFE34FCA519,18-FE-34-FC-A5-19,18FE34FCA519
1A-FE-34-FC-A5-19,1AFE34FCA519,18-FE-34-FC-A5-19,18FE34FCA519
1A-FE-34-FC-AB-F9,1AFE34FCABF9,18-FE-34-FC-AB-F9,18FE34FCABF9
1A-FE-34-FC-A6-80,1AFE34FCA680,18-FE-34-FC-A6-80,18FE34FCA680
1A-FE-34-FC-A5-58,1AFE34FCA558,18-FE-34-FC-A5-58,18FE34FCA558
1A-FE-34-FC-AB-4B,1AFE34FCAB4B,18-FE-34-FC-AB-4B,18FE34FCAB4B
1A-FE-34-FC-A6-EF,1AFE34FCA6EF,18-FE-34-FC-A6-EF,18FE34FCA6EF
1A-FE-34-FC-AB-E7,1AFE34FCABE7,18-FE-34-FC-AB-E7,18FE34FCABE7
1A-FE-34-FC-AC-73,1AFE34FCAC73,18-FE-34-FC-AC-73,18FE34FCAC73
1A-FE-34-A6-86-A6,1AFE34A686A6,18-FE-34-A6-86-A6,18FE34A686A6
1A-FE-34-FC-A7-C9,1AFE34FCA7C9,18-FE-34-FC-A7-C9,18FE34FCA7C9
1A-FE-34-FC-A5-A9,1AFE34FCA5A9,18-FE-34-FC-A5-A9,18FE34FCA5A9
1A-FE-34-A6-88-6C,1AFE34A6886C,18-FE-34-A6-88-6C,18FE34A6886C
1A-FE-34-A6-89-7B,1AFE34A6897B,18-FE-34-A6-89-7B,18FE34A6897B
1A-FE-34-FC-A9-71,1AFE34FCA971,18-FE-34-FC-A9-71,18FE34FCA971
1A-FE-34-FC-A5-3C,1AFE34FCA53C,18-FE-34-FC-A5-3C,18FE34FCA53C
1A-FE-34-FC-A6-80,1AFE34FCA680,18-FE-34-FC-A6-80,18FE34FCA680
1A-FE-34-FC-A8-C4,1AFE34FCA8C4,18-FE-34-FC-A8-C4,18FE34FCA8C4
1A-FE-34-FC-A7-05,1AFE34FCA705,18-FE-34-FC-A7-05,18FE34FCA705
1A-FE-34-FC-A9-1F,1AFE34FCA91F,18-FE-34-FC-A9-1F,18FE34FCA91F
1A-FE-34-A6-82-1C,1AFE34A6821C,18-FE-34-A6-82-1C,18FE34A6821C
1A-FE-34-FC-A5-F0,1AFE34FCA5F0,18-FE-34-FC-A5-F0,18FE34FCA5F0
1A-FE-34-A6-87-BB,1AFE34A687BB,18-FE-34-A6-87-BB,18FE34A687BB
1A-FE-34-FC-A9-31,1AFE34FCA931,18-FE-34-FC-A9-31,18FE34FCA931
1A-FE-34-FC-A6-80,1AFE34FCA680,18-FE-34-FC-A6-80,18FE34FCA680
1A-FE-34-FC-A5-19,1AFE34FCA519,18-FE-34-FC-A5-19,18FE34FCA519
1A-FE-34-FC-A5-19,1AFE34FCA519,18-FE-34-FC-A5-19,18FE34FCA519
1A-FE-34-FC-A9-6B,1AFE34FCA96B,18-FE-34-FC-A9-6B,18FE34FCA96B
1A-FE-34-A6-86-82,1AFE34A68682,18-FE-34-A6-86-82,18FE34A68682
1A-FE-34-A6-86-5D,1AFE34A6865D,18-FE-34-A6-86-5D,18FE34A6865D
1A-FE-34-FC-A9-19,1AFE34FCA919,18-FE-34-FC-A9-19,18FE34FCA919
1A-FE-34-FC-AB-31,1AFE34FCAB31,18-FE-34-FC-AB-31,18FE34FCAB31
1A-FE-34-A6-86-31,1AFE34A68631,18-FE-34-A6-86-31,18FE34A68631
1A-FE-34-A6-87-7A,1AFE34A6877A,18-FE-34-A6-87-7A,18FE34A6877A
1A-FE-34-FC-AB-54,1AFE34FCAB54,18-FE-34-FC-AB-54,18FE34FCAB54
1A-FE-34-FC-A5-19,1AFE34FCA519,18-FE-34-FC-A5-19,18FE34FCA519
1A-FE-34-FC-A5-19,1AFE34FCA519,18-FE-34-FC-A5-19,18FE34FCA519
1A-FE-34-FC-A7-F3,1AFE34FCA7F3,18-FE-34-FC-A7-F3,18FE34FCA7F3
1A-FE-34-FC-A5-19,1AFE34FCA519,18-FE-34-FC-A5-19,18FE34FCA519
1A-FE-34-A6-88-6C,1AFE34A6886C,18-FE-34-A6-88-6C,18FE34A6886C
1A-FE-34-A6-85-63,1AFE34A68563,18-FE-34-A6-85-63,18FE34A68563
1A-FE-34-FC-A6-80,1AFE34FCA680,18-FE-34-FC-A6-80,18FE34FCA680
1A-FE-34-FC-A6-80,1AFE34FCA680,18-FE-34-FC-A6-80,18FE34FCA680
1A-FE-34-FC-A5-19,1AFE34FCA519,18-FE-34-FC-A5-19,18FE34FCA519
1A-FE-34-FC-A5-19,1AFE34FCA519,18-FE-34-FC-A5-19,18FE34FCA519
1A-FE-34-A6-81-DF,1AFE34A681DF,18-FE-34-A6-81-DF,18FE34A681DF
1A-FE-34-A6-86-F2,1AFE34A686F2,18-FE-34-A6-86-F2,18FE34A686F2
1A-FE-34-A6-83-83,1AFE34A68383,18-FE-34-A6-83-83,18FE34A68383
1A-FE-34-A6-86-5D,1AFE34A6865D,18-FE-34-A6-86-5D,18FE34A6865D
1A-FE-34-A6-87-D4,1AFE34A687D4,18-FE-34-A6-87-D4,18FE34A687D4
1A-FE-34-A2-59-2A,1AFE34A2592A,18-FE-34-A2-59-2A,18FE34A2592A
1A-FE-34-A2-59-2A,1AFE34A2592A,18-FE-34-A2-59-2A,18FE34A2592A
1A-FE-34-A2-59-2A,1AFE34A2592A,18-FE-34-A2-59-2A,18FE34A2592A
1A-FE-34-FC-A9-6A,1AFE34FCA96A,18-FE-34-FC-A9-6A,18FE34FCA96A
1A-FE-34-A2-E0-4C,1AFE34A2E04C,18-FE-34-A2-E0-4C,18FE34A2E04C
1A-FE-34-A2-59-2A,1AFE34A2592A,18-FE-34-A2-59-2A,18FE34A2592A
1A-FE-34-A2-59-2A,1AFE34A2592A,18-FE-34-A2-59-2A,18FE34A2592A
1A-FE-34-A2-59-2A,1AFE34A2592A,18-FE-34-A2-59-2A,18FE34A2592A
1A-FE-34-A6-88-9F,1AFE34A6889F,18-FE-34-A6-88-9F,18FE34A6889F
1A-FE-34-A6-86-5D,1AFE34A6865D,18-FE-34-A6-86-5D,18FE34A6865D
1A-FE-34-FC-A8-A8,1AFE34FCA8A8,18-FE-34-FC-A8-A8,18FE34FCA8A8
1A-FE-34-A2-DA-DB,1AFE34A2DADB,18-FE-34-A2-DA-DB,18FE34A2DADB
1A-FE-34-A3-87-AD,1AFE34A387AD,18-FE-34-A3-87-AD,18FE34A387AD
1A-FE-34-FC-A9-31,1AFE34FCA931,18-FE-34-FC-A9-31,18FE34FCA931
1A-FE-34-FC-A9-88,1AFE34FCA988,18-FE-34-FC-A9-88,18FE34FCA988
1A-FE-34-A6-87-07,1AFE34A68707,18-FE-34-A6-87-07,18FE34A68707
1A-FE-34-A6-87-07,1AFE34A68707,18-FE-34-A6-87-07,18FE34A68707
1A-FE-34-FC-A6-C7,1AFE34FCA6C7,18-FE-34-FC-A6-C7,18FE34FCA6C7
1A-FE-34-A2-F9-14,1AFE34A2F914,18-FE-34-A2-F9-14,18FE34A2F914
1A-FE-34-FB-FB-5C,1AFE34FBFB5C,18-FE-34-FB-FB-5C,18FE34FBFB5C
1A-FE-34-FC-A6-44,1AFE34FCA644,18-FE-34-FC-A6-44,18FE34FCA644
1A-FE-34-FC-A7-CA,1AFE34FCA7CA,18-FE-34-FC-A7-CA,18FE34FCA7CA
1A-FE-34-FC-A6-AE,1AFE34FCA6AE,18-FE-34-FC-A6-AE,18FE34FCA6AE
1A-FE-34-A2-6E-4E,1AFE34A26E4E,18-FE-34-A2-6E-4E,18FE34A26E4E
1A-FE-34-FC-A7-89,1AFE34FCA789,18-FE-34-FC-A7-89,18FE34FCA789
1A-FE-34-A2-D1-A6,1AFE34A2D1A6,18-FE-34-A2-D1-A6,18FE34A2D1A6
1A-FE-34-A2-D1-A6,1AFE34A2D1A6,18-FE-34-A2-D1-A6,18FE34A2D1A6
1A-FE-34-A3-67-48,1AFE34A36748,18-FE-34-A3-67-48,18FE34A36748
1A-FE-34-A2-E1-3C,1AFE34A2E13C,18-FE-34-A2-E1-3C,18FE34A2E13C
1A-FE-34-FC-A3-BE,1AFE34FCA3BE,18-FE-34-FC-A3-BE,18FE34FCA3BE
1A-FE-34-FC-A3-BE,1AFE34FCA3BE,18-FE-34-FC-A3-BE,18FE34FCA3BE
1A-FE-34-FC-A3-BE,1AFE34FCA3BE,18-FE-34-FC-A3-BE,18FE34FCA3BE
1A-FE-34-A6-87-39,1AFE34A68739,18-FE-34-A6-87-39,18FE34A68739
1A-FE-34-FC-A8-D1,1AFE34FCA8D1,18-FE-34-FC-A8-D1,18FE34FCA8D1
1A-FE-34-FC-AB-01,1AFE34FCAB01,18-FE-34-FC-AB-01,18FE34FCAB01
1A-FE-34-FC-A3-C1,1AFE34FCA3C1,18-FE-34-FC-A3-C1,18FE34FCA3C1
1A-FE-34-FC-A8-86,1AFE34FCA886,18-FE-34-FC-A8-86,18FE34FCA886
1A-FE-34-A2-E1-89,1AFE34A2E189,18-FE-34-A2-E1-89,18FE34A2E189
1A-FE-34-A2-E1-89,1AFE34A2E189,18-FE-34-A2-E1-89,18FE34A2E189
1A-FE-34-A2-E1-89,1AFE34A2E189,18-FE-34-A2-E1-89,18FE34A2E189
1A-FE-34-A2-E1-89,1AFE34A2E189,18-FE-34-A2-E1-89,18FE34A2E189
1A-FE-34-A2-E1-89,1AFE34A2E189,18-FE-34-A2-E1-89,18FE34A2E189
1A-FE-34-FC-A5-2B,1AFE34FCA52B,18-FE-34-FC-A5-2B,18FE34FCA52B
1A-FE-34-FC-A6-4C,1AFE34FCA64C,18-FE-34-FC-A6-4C,18FE34FCA64C
1A-FE-34-A2-D7-CC,1AFE34A2D7CC,18-FE-34-A2-D7-CC,18FE34A2D7CC
1A-FE-34-A3-67-48,1AFE34A36748,18-FE-34-A3-67-48,18FE34A36748
1A-FE-34-FC-A3-BE,1AFE34FCA3BE,18-FE-34-FC-A3-BE,18FE34FCA3BE
1A-FE-34-A2-6E-4E,1AFE34A26E4E,18-FE-34-A2-6E-4E,18FE34A26E4E
1A-FE-34-A2-D1-A6,1AFE34A2D1A6,18-FE-34-A2-D1-A6,18FE34A2D1A6
1A-FE-34-A2-E2-F9,1AFE34A2E2F9,18-FE-34-A2-E2-F9,18FE34A2E2F9
1A-FE-34-A2-D2-EE,1AFE34A2D2EE,18-FE-34-A2-D2-EE,18FE34A2D2EE
1A-FE-34-A2-E5-4D,1AFE34A2E54D,18-FE-34-A2-E5-4D,18FE34A2E54D
1A-FE-34-A2-5B-CB,1AFE34A25BCB,18-FE-34-A2-5B-CB,18FE34A25BCB
1A-FE-34-A2-F9-14,1AFE34A2F914,18-FE-34-A2-F9-14,18FE34A2F914
1A-FE-34-A2-DA-D2,1AFE34A2DAD2,18-FE-34-A2-DA-D2,18FE34A2DAD2
1A-FE-34-A2-E1-DC,1AFE34A2E1DC,18-FE-34-A2-E1-DC,18FE34A2E1DC
1A-FE-34-A2-DC-61,1AFE34A2DC61,18-FE-34-A2-DC-61,18FE34A2DC61
1A-FE-34-A3-63-F0,1AFE34A363F0,18-FE-34-A3-63-F0,18FE34A363F0
1A-FE-34-A6-84-01,1AFE34A68401,18-FE-34-A6-84-01,18FE34A68401
1A-FE-34-A2-E5-4D,1AFE34A2E54D,18-FE-34-A2-E5-4D,18FE34A2E54D
1A-FE-34-A3-41-A6,1AFE34A341A6,18-FE-34-A3-41-A6,18FE34A341A6
1A-FE-34-A3-41-A6,1AFE34A341A6,18-FE-34-A3-41-A6,18FE34A341A6
1A-FE-34-A3-41-A6,1AFE34A341A6,18-FE-34-A3-41-A6,18FE34A341A6
1A-FE-34-A3-41-A6,1AFE34A341A6,18-FE-34-A3-41-A6,18FE34A341A6
1A-FE-34-A3-41-A6,1AFE34A341A6,18-FE-34-A3-41-A6,18FE34A341A6
1A-FE-34-A2-E5-4D,1AFE34A2E54D,18-FE-34-A2-E5-4D,18FE34A2E54D
1A-FE-34-A2-E5-4D,1AFE34A2E54D,18-FE-34-A2-E5-4D,18FE34A2E54D
1A-FE-34-A2-F9-14,1AFE34A2F914,18-FE-34-A2-F9-14,18FE34A2F914
1A-FE-34-A3-41-A6,1AFE34A341A6,18-FE-34-A3-41-A6,18FE34A341A6
1A-FE-34-A3-87-AD,1AFE34A387AD,18-FE-34-A3-87-AD,18FE34A387AD
1A-FE-34-A2-E1-89,1AFE34A2E189,18-FE-34-A2-E1-89,18FE34A2E189
1A-FE-34-A2-E1-3C,1AFE34A2E13C,18-FE-34-A2-E1-3C,18FE34A2E13C
1A-FE-34-A2-E1-8B,1AFE34A2E18B,18-FE-34-A2-E1-8B,18FE34A2E18B
1A-FE-34-A3-6C-FB,1AFE34A36CFB,18-FE-34-A3-6C-FB,18FE34A36CFB
1A-FE-34-A3-87-AD,1AFE34A387AD,18-FE-34-A3-87-AD,18FE34A387AD
1A-FE-34-A3-87-AD,1AFE34A387AD,18-FE-34-A3-87-AD,18FE34A387AD
1A-FE-34-A2-E1-3C,1AFE34A2E13C,18-FE-34-A2-E1-3C,18FE34A2E13C
1A-FE-34-A3-6C-FB,1AFE34A36CFB,18-FE-34-A3-6C-FB,18FE34A36CFB
1A-FE-34-A2-E1-89,1AFE34A2E189,18-FE-34-A2-E1-89,18FE34A2E189
1A-FE-34-A2-E1-8B,1AFE34A2E18B,18-FE-34-A2-E1-8B,18FE34A2E18B
1A-FE-34-A2-E1-89,1AFE34A2E189,18-FE-34-A2-E1-89,18FE34A2E189
1A-FE-34-A2-E1-89,1AFE34A2E189,18-FE-34-A2-E1-89,18FE34A2E189
1A-FE-34-A2-DC-57,1AFE34A2DC57,18-FE-34-A2-DC-57,18FE34A2DC57
1A-FE-34-A3-34-2C,1AFE34A3342C,18-FE-34-A3-34-2C,18FE34A3342C
1A-FE-34-A2-E1-A2,1AFE34A2E1A2,18-FE-34-A2-E1-A2,18FE34A2E1A2
1A-FE-34-A3-1C-6D,1AFE34A31C6D,18-FE-34-A3-1C-6D,18FE34A31C6D
1A-FE-34-A2-F5-FC,1AFE34A2F5FC,18-FE-34-A2-F5-FC,18FE34A2F5FC
1A-FE-34-A2-D9-9E,1AFE34A2D99E,18-FE-34-A2-D9-9E,18FE34A2D99E
1A-FE-34-A2-D1-AD,1AFE34A2D1AD,18-FE-34-A2-D1-AD,18FE34A2D1AD
1A-FE-34-A2-1F-5D,1AFE34A21F5D,18-FE-34-A2-1F-5D,18FE34A21F5D
1A-FE-34-A2-E6-46,1AFE34A2E646,18-FE-34-A2-E6-46,18FE34A2E646
1A-FE-34-A2-E5-E2,1AFE34A2E5E2,18-FE-34-A2-E5-E2,18FE34A2E5E2
1A-FE-34-A2-DB-25,1AFE34A2DB25,18-FE-34-A2-DB-25,18FE34A2DB25
1A-FE-34-A2-D8-47,1AFE34A2D847,18-FE-34-A2-D8-47,18FE34A2D847
1A-FE-34-A2-DB-5C,1AFE34A2DB5C,18-FE-34-A2-DB-5C,18FE34A2DB5C
1A-FE-34-A2-E3-4E,1AFE34A2E34E,18-FE-34-A2-E3-4E,18FE34A2E34E
1A-FE-34-A2-E2-84,1AFE34A2E284,18-FE-34-A2-E2-84,18FE34A2E284
1A-FE-34-A2-D9-98,1AFE34A2D998,18-FE-34-A2-D9-98,18FE34A2D998
1A-FE-34-A2-DE-6A,1AFE34A2DE6A,18-FE-34-A2-DE-6A,18FE34A2DE6A
1A-FE-34-A2-D5-65,1AFE34A2D565,18-FE-34-A2-D5-65,18FE34A2D565
1A-FE-34-A3-5C-EB,1AFE34A35CEB,18-FE-34-A3-5C-EB,18FE34A35CEB
1A-FE-34-A2-DE-3C,1AFE34A2DE3C,18-FE-34-A2-DE-3C,18FE34A2DE3C
1A-FE-34-A3-6F-3D,1AFE34A36F3D,18-FE-34-A3-6F-3D,18FE34A36F3D
1A-FE-34-A2-E0-97,1AFE34A2E097,18-FE-34-A2-E0-97,18FE34A2E097
1A-FE-34-A2-D2-B9,1AFE34A2D2B9,18-FE-34-A2-D2-B9,18FE34A2D2B9
1A-FE-34-A2-E4-73,1AFE34A2E473,18-FE-34-A2-E4-73,18FE34A2E473
1A-FE-34-A2-D4-9A,1AFE34A2D49A,18-FE-34-A2-D4-9A,18FE34A2D49A
1A-FE-34-A2-D7-99,1AFE34A2D799,18-FE-34-A2-D7-99,18FE34A2D799
1A-FE-34-A2-D8-82,1AFE34A2D882,18-FE-34-A2-D8-82,18FE34A2D882
1A-FE-34-A2-D8-82,1AFE34A2D882,18-FE-34-A2-D8-82,18FE34A2D882
1A-FE-34-A2-E1-3B,1AFE34A2E13B,18-FE-34-A2-E1-3B,18FE34A2E13B
1A-FE-34-A2-E6-BD,1AFE34A2E6BD,18-FE-34-A2-E6-BD,18FE34A2E6BD
1A-FE-34-A2-E1-32,1AFE34A2E132,18-FE-34-A2-E1-32,18FE34A2E132
1A-FE-34-A2-D7-00,1AFE34A2D700,18-FE-34-A2-D7-00,18FE34A2D700
1A-FE-34-A2-E0-C6,1AFE34A2E0C6,18-FE-34-A2-E0-C6,18FE34A2E0C6
1A-FE-34-A2-D2-20,1AFE34A2D220,18-FE-34-A2-D2-20,18FE34A2D220
1A-FE-34-A2-E3-BB,1AFE34A2E3BB,18-FE-34-A2-E3-BB,18FE34A2E3BB
1A-FE-34-A2-DD-86,1AFE34A2DD86,18-FE-34-A2-DD-86,18FE34A2DD86
1A-FE-34-A3-5E-18,1AFE34A35E18,18-FE-34-A3-5E-18,18FE34A35E18
1A-FE-34-A2-D5-FF,1AFE34A2D5FF,18-FE-34-A2-D5-FF,18FE34A2D5FF
1A-FE-34-A2-D9-94,1AFE34A2D994,18-FE-34-A2-D9-94,18FE34A2D994
1A-FE-34-A3-25-C4,1AFE34A325C4,18-FE-34-A3-25-C4,18FE34A325C4
1A-FE-34-A2-DC-FB,1AFE34A2DCFB,18-FE-34-A2-DC-FB,18FE34A2DCFB
1A-FE-34-A3-5B-31,1AFE34A35B31,18-FE-34-A3-5B-31,18FE34A35B31
1A-FE-34-A2-D6-82,1AFE34A2D682,18-FE-34-A2-D6-82,18FE34A2D682
1A-FE-34-A2-92-5B,1AFE34A2925B,18-FE-34-A2-92-5B,18FE34A2925B
1A-FE-34-A3-79-D8,1AFE34A379D8,18-FE-34-A3-79-D8,18FE34A379D8
1A-FE-34-A3-7A-58,1AFE34A37A58,18-FE-34-A3-7A-58,18FE34A37A58
1A-FE-34-A2-E3-B8,1AFE34A2E3B8,18-FE-34-A2-E3-B8,18FE34A2E3B8
1A-FE-34-A3-71-74,1AFE34A37174,18-FE-34-A3-71-74,18FE34A37174
1A-FE-34-A2-E6-14,1AFE34A2E614,18-FE-34-A2-E6-14,18FE34A2E614
1A-FE-34-A3-3C-B2,1AFE34A33CB2,18-FE-34-A3-3C-B2,18FE34A33CB2
1A-FE-34-A1-F6-79,1AFE34A1F679,18-FE-34-A1-F6-79,18FE34A1F679
1A-FE-34-FA-3D-1B,1AFE34FA3D1B,18-FE-34-FA-3D-1B,18FE34FA3D1B
1A-FE-34-FA-3A-38,1AFE34FA3A38,18-FE-34-FA-3A-38,18FE34FA3A38
1A-FE-34-FA-33-66,1AFE34FA3366,18-FE-34-FA-33-66,18FE34FA3366
1A-FE-34-FA-33-66,1AFE34FA3366,18-FE-34-FA-33-66,18FE34FA3366
1A-FE-34-FA-3A-5A,1AFE34FA3A5A,18-FE-34-FA-3A-5A,18FE34FA3A5A
1A-FE-34-FA-32-B8,1AFE34FA32B8,18-FE-34-FA-32-B8,18FE34FA32B8
1A-FE-34-FA-32-B8,1AFE34FA32B8,18-FE-34-FA-32-B8,18FE34FA32B8
1A-FE-34-FA-39-3B,1AFE34FA393B,18-FE-34-FA-39-3B,18FE34FA393B
1A-FE-34-FA-35-61,1AFE34FA3561,18-FE-34-FA-35-61,18FE34FA3561
1A-FE-34-FA-35-D6,1AFE34FA35D6,18-FE-34-FA-35-D6,18FE34FA35D6
1A-FE-34-FA-3B-D4,1AFE34FA3BD4,18-FE-34-FA-3B-D4,18FE34FA3BD4
1A-FE-34-FA-32-B2,1AFE34FA32B2,18-FE-34-FA-32-B2,18FE34FA32B2
1A-FE-34-FA-39-86,1AFE34FA3986,18-FE-34-FA-39-86,18FE34FA3986
1A-FE-34-FA-35-1A,1AFE34FA351A,18-FE-34-FA-35-1A,18FE34FA351A
1A-FE-34-FA-39-74,1AFE34FA3974,18-FE-34-FA-39-74,18FE34FA3974
1A-FE-34-FA-37-EA,1AFE34FA37EA,18-FE-34-FA-37-EA,18FE34FA37EA
1A-FE-34-FA-3B-93,1AFE34FA3B93,18-FE-34-FA-3B-93,18FE34FA3B93
1A-FE-34-FA-3A-0C,1AFE34FA3A0C,18-FE-34-FA-3A-0C,18FE34FA3A0C
1A-FE-34-FA-38-E3,1AFE34FA38E3,18-FE-34-FA-38-E3,18FE34FA38E3
1A-FE-34-FA-3A-AF,1AFE34FA3AAF,18-FE-34-FA-3A-AF,18FE34FA3AAF
1A-FE-34-A3-17-5C,1AFE34A3175C,18-FE-34-A3-17-5C,18FE34A3175C
1A-FE-34-FA-35-D6,1AFE34FA35D6,18-FE-34-FA-35-D6,18FE34FA35D6
1A-FE-34-FA-3E-8E,1AFE34FA3E8E,18-FE-34-FA-3E-8E,18FE34FA3E8E
1A-FE-34-FA-3E-8E,1AFE34FA3E8E,18-FE-34-FA-3E-8E,18FE34FA3E8E
1A-FE-34-FA-3D-8F,1AFE34FA3D8F,18-FE-34-FA-3D-8F,18FE34FA3D8F
1A-FE-34-FA-3D-0C,1AFE34FA3D0C,18-FE-34-FA-3D-0C,18FE34FA3D0C
1A-FE-34-FA-39-25,1AFE34FA3925,18-FE-34-FA-39-25,18FE34FA3925
1A-FE-34-FA-36-37,1AFE34FA3637,18-FE-34-FA-36-37,18FE34FA3637
1A-FE-34-FA-3A-10,1AFE34FA3A10,18-FE-34-FA-3A-10,18FE34FA3A10
1A-FE-34-FA-3A-10,1AFE34FA3A10,18-FE-34-FA-3A-10,18FE34FA3A10
1A-FE-34-FA-3A-10,1AFE34FA3A10,18-FE-34-FA-3A-10,18FE34FA3A10
1A-FE-34-A2-DA-82,1AFE34A2DA82,18-FE-34-A2-DA-82,18FE34A2DA82
1A-FE-34-F4-BF-E0,1AFE34F4BFE0,18-FE-34-F4-BF-E0,18FE34F4BFE0
1A-FE-34-FA-38-87,1AFE34FA3887,18-FE-34-FA-38-87,18FE34FA3887
1A-FE-34-FA-3C-F0,1AFE34FA3CF0,18-FE-34-FA-3C-F0,18FE34FA3CF0
1A-FE-34-FA-39-C8,1AFE34FA39C8,18-FE-34-FA-39-C8,18FE34FA39C8
1A-FE-34-FA-38-C7,1AFE34FA38C7,18-FE-34-FA-38-C7,18FE34FA38C7
1A-FE-34-FA-35-A7,1AFE34FA35A7,18-FE-34-FA-35-A7,18FE34FA35A7
1A-FE-34-FA-35-A7,1AFE34FA35A7,18-FE-34-FA-35-A7,18FE34FA35A7
1A-FE-34-FA-33-91,1AFE34FA3391,18-FE-34-FA-33-91,18FE34FA3391
1A-FE-34-FA-36-D6,1AFE34FA36D6,18-FE-34-FA-36-D6,18FE34FA36D6
1A-FE-34-FA-3C-49,1AFE34FA3C49,18-FE-34-FA-3C-49,18FE34FA3C49
1A-FE-34-FA-3C-49,1AFE34FA3C49,18-FE-34-FA-3C-49,18FE34FA3C49
1A-FE-34-FA-35-DD,1AFE34FA35DD,18-FE-34-FA-35-DD,18FE34FA35DD
1A-FE-34-FA-36-D6,1AFE34FA36D6,18-FE-34-FA-36-D6,18FE34FA36D6
1A-FE-34-FA-3D-75,1AFE34FA3D75,18-FE-34-FA-3D-75,18FE34FA3D75
1A-FE-34-FA-3D-75,1AFE34FA3D75,18-FE-34-FA-3D-75,18FE34FA3D75
1A-FE-34-FA-3D-75,1AFE34FA3D75,18-FE-34-FA-3D-75,18FE34FA3D75
1A-FE-34-FA-3D-75,1AFE34FA3D75,18-FE-34-FA-3D-75,18FE34FA3D75
1A-FE-34-FA-36-D6,1AFE34FA36D6,18-FE-34-FA-36-D6,18FE34FA36D6
1A-FE-34-FA-34-67,1AFE34FA3467,18-FE-34-FA-34-67,18FE34FA3467
1A-FE-34-FA-3D-6F,1AFE34FA3D6F,18-FE-34-FA-3D-6F,18FE34FA3D6F
1A-FE-34-FA-34-67,1AFE34FA3467,18-FE-34-FA-34-67,18FE34FA3467
1A-FE-34-FA-34-8E,1AFE34FA348E,18-FE-34-FA-34-8E,18FE34FA348E
1A-FE-34-A3-57-C3,1AFE34A357C3,18-FE-34-A3-57-C3,18FE34A357C3
1A-FE-34-A2-D1-83,1AFE34A2D183,18-FE-34-A2-D1-83,18FE34A2D183
1A-FE-34-A2-D1-83,1AFE34A2D183,18-FE-34-A2-D1-83,18FE34A2D183
1A-FE-34-FA-3D-2F,1AFE34FA3D2F,18-FE-34-FA-3D-2F,18FE34FA3D2F
1A-FE-34-FA-3D-2F,1AFE34FA3D2F,18-FE-34-FA-3D-2F,18FE34FA3D2F
1A-FE-34-A2-E1-89,1AFE34A2E189,18-FE-34-A2-E1-89,18FE34A2E189
1A-FE-34-A2-E1-89,1AFE34A2E189,18-FE-34-A2-E1-89,18FE34A2E189
1A-FE-34-A2-E1-89,1AFE34A2E189,18-FE-34-A2-E1-89,18FE34A2E189
1A-FE-34-A2-E1-89,1AFE34A2E189,18-FE-34-A2-E1-89,18FE34A2E189
1A-FE-34-A2-E1-89,1AFE34A2E189,18-FE-34-A2-E1-89,18FE34A2E189
1A-FE-34-A2-E1-89,1AFE34A2E189,18-FE-34-A2-E1-89,18FE34A2E189
1A-FE-34-FA-3D-2F,1AFE34FA3D2F,18-FE-34-FA-3D-2F,18FE34FA3D2F
1A-FE-34-FA-3B-BF,1AFE34FA3BBF,18-FE-34-FA-3B-BF,18FE34FA3BBF
1A-FE-34-A2-E1-89,1AFE34A2E189,18-FE-34-A2-E1-89,18FE34A2E189
1A-FE-34-A2-E1-89,1AFE34A2E189,18-FE-34-A2-E1-89,18FE34A2E189
1A-FE-34-A2-E1-89,1AFE34A2E189,18-FE-34-A2-E1-89,18FE34A2E189
1A-FE-34-A2-E1-89,1AFE34A2E189,18-FE-34-A2-E1-89,18FE34A2E189
1A-FE-34-FA-38-FF,1AFE34FA38FF,18-FE-34-FA-38-FF,18FE34FA38FF
1A-FE-34-FA-37-64,1AFE34FA3764,18-FE-34-FA-37-64,18FE34FA3764
1A-FE-34-FA-3A-64,1AFE34FA3A64,18-FE-34-FA-3A-64,18FE34FA3A64
1A-FE-34-FA-3C-5E,1AFE34FA3C5E,18-FE-34-FA-3C-5E,18FE34FA3C5E
1A-FE-34-FA-3D-02,1AFE34FA3D02,18-FE-34-FA-3D-02,18FE34FA3D02
1A-FE-34-FA-3A-E4,1AFE34FA3AE4,18-FE-34-FA-3A-E4,18FE34FA3AE4
1A-FE-34-FA-38-8C,1AFE34FA388C,18-FE-34-FA-38-8C,18FE34FA388C
1A-FE-34-FA-33-2A,1AFE34FA332A,18-FE-34-FA-33-2A,18FE34FA332A
1A-FE-34-FA-3A-5E,1AFE34FA3A5E,18-FE-34-FA-3A-5E,18FE34FA3A5E
1A-FE-34-FA-33-D3,1AFE34FA33D3,18-FE-34-FA-33-D3,18FE34FA33D3
1A-FE-34-FA-36-CC,1AFE34FA36CC,18-FE-34-FA-36-CC,18FE34FA36CC
1A-FE-34-FA-32-9C,1AFE34FA329C,18-FE-34-FA-32-9C,18FE34FA329C
1A-FE-34-FA-37-D8,1AFE34FA37D8,18-FE-34-FA-37-D8,18FE34FA37D8
1A-FE-34-FA-33-66,1AFE34FA3366,18-FE-34-FA-33-66,18FE34FA3366
1A-FE-34-FA-33-D0,1AFE34FA33D0,18-FE-34-FA-33-D0,18FE34FA33D0
1A-FE-34-FA-39-3B,1AFE34FA393B,18-FE-34-FA-39-3B,18FE34FA393B
1A-FE-34-FA-37-63,1AFE34FA3763,18-FE-34-FA-37-63,18FE34FA3763
1A-FE-34-FA-33-CB,1AFE34FA33CB,18-FE-34-FA-33-CB,18FE34FA33CB
1A-FE-34-FA-36-E2,1AFE34FA36E2,18-FE-34-FA-36-E2,18FE34FA36E2
1A-FE-34-FA-3C-8C,1AFE34FA3C8C,18-FE-34-FA-3C-8C,18FE34FA3C8C
1A-FE-34-FA-36-5C,1AFE34FA365C,18-FE-34-FA-36-5C,18FE34FA365C
1A-FE-34-FA-36-58,1AFE34FA3658,18-FE-34-FA-36-58,18FE34FA3658
1A-FE-34-FA-32-B8,1AFE34FA32B8,18-FE-34-FA-32-B8,18FE34FA32B8
1A-FE-34-FA-35-DD,1AFE34FA35DD,18-FE-34-FA-35-DD,18FE34FA35DD
1A-FE-34-FA-3C-58,1AFE34FA3C58,18-FE-34-FA-3C-58,18FE34FA3C58
1A-FE-34-FA-37-B8,1AFE34FA37B8,18-FE-34-FA-37-B8,18FE34FA37B8
1A-FE-34-FA-34-2F,1AFE34FA342F,18-FE-34-FA-34-2F,18FE34FA342F
1A-FE-34-FA-32-98,1AFE34FA3298,18-FE-34-FA-32-98,18FE34FA3298
1A-FE-34-FA-32-98,1AFE34FA3298,18-FE-34-FA-32-98,18FE34FA3298
1A-FE-34-FA-32-98,1AFE34FA3298,18-FE-34-FA-32-98,18FE34FA3298
1A-FE-34-FA-3B-39,1AFE34FA3B39,18-FE-34-FA-3B-39,18FE34FA3B39
1A-FE-34-FA-34-A0,1AFE34FA34A0,18-FE-34-FA-34-A0,18FE34FA34A0
1A-FE-34-FA-33-51,1AFE34FA3351,18-FE-34-FA-33-51,18FE34FA3351
1A-FE-34-FA-35-A7,1AFE34FA35A7,18-FE-34-FA-35-A7,18FE34FA35A7
1A-FE-34-FA-35-A7,1AFE34FA35A7,18-FE-34-FA-35-A7,18FE34FA35A7
1A-FE-34-FA-3C-2E,1AFE34FA3C2E,18-FE-34-FA-3C-2E,18FE34FA3C2E
1A-FE-34-FA-34-68,1AFE34FA3468,18-FE-34-FA-34-68,18FE34FA3468
1A-FE-34-FA-3A-00,1AFE34FA3A00,18-FE-34-FA-3A-00,18FE34FA3A00
1A-FE-34-FA-3A-00,1AFE34FA3A00,18-FE-34-FA-3A-00,18FE34FA3A00
1A-FE-34-FA-3A-45,1AFE34FA3A45,18-FE-34-FA-3A-45,18FE34FA3A45
1A-FE-34-FA-3D-8A,1AFE34FA3D8A,18-FE-34-FA-3D-8A,18FE34FA3D8A
1A-FE-34-FA-3C-AC,1AFE34FA3CAC,18-FE-34-FA-3C-AC,18FE34FA3CAC
1A-FE-34-FA-33-0F,1AFE34FA330F,18-FE-34-FA-33-0F,18FE34FA330F
1A-FE-34-FA-33-0F,1AFE34FA330F,18-FE-34-FA-33-0F,18FE34FA330F
1A-FE-34-FA-33-51,1AFE34FA3351,18-FE-34-FA-33-51,18FE34FA3351
1A-FE-34-FA-35-A7,1AFE34FA35A7,18-FE-34-FA-35-A7,18FE34FA35A7
1A-FE-34-FA-35-A7,1AFE34FA35A7,18-FE-34-FA-35-A7,18FE34FA35A7
1A-FE-34-FA-3D-8A,1AFE34FA3D8A,18-FE-34-FA-3D-8A,18FE34FA3D8A
1A-FE-34-FA-35-A7,1AFE34FA35A7,18-FE-34-FA-35-A7,18FE34FA35A7
1A-FE-34-FA-35-A7,1AFE34FA35A7,18-FE-34-FA-35-A7,18FE34FA35A7
1A-FE-34-FA-36-67,1AFE34FA3667,18-FE-34-FA-36-67,18FE34FA3667
1A-FE-34-F4-BF-B4,1AFE34F4BFB4,18-FE-34-F4-BF-B4,18FE34F4BFB4
1A-FE-34-F4-BF-B4,1AFE34F4BFB4,18-FE-34-F4-BF-B4,18FE34F4BFB4
1A-FE-34-F4-BF-B4,1AFE34F4BFB4,18-FE-34-F4-BF-B4,18FE34F4BFB4
1A-FE-34-FA-35-A7,1AFE34FA35A7,18-FE-34-FA-35-A7,18FE34FA35A7
1A-FE-34-FA-36-E2,1AFE34FA36E2,18-FE-34-FA-36-E2,18FE34FA36E2
1A-FE-34-FA-36-54,1AFE34FA3654,18-FE-34-FA-36-54,18FE34FA3654
1A-FE-34-FA-36-E2,1AFE34FA36E2,18-FE-34-FA-36-E2,18FE34FA36E2
1A-FE-34-A2-E1-89,1AFE34A2E189,18-FE-34-A2-E1-89,18FE34A2E189
1A-FE-34-FA-3A-2C,1AFE34FA3A2C,18-FE-34-FA-3A-2C,18FE34FA3A2C
1A-FE-34-FA-3A-2C,1AFE34FA3A2C,18-FE-34-FA-3A-2C,18FE34FA3A2C
1A-FE-34-FA-35-A7,1AFE34FA35A7,18-FE-34-FA-35-A7,18FE34FA35A7
1A-FE-34-FA-34-68,1AFE34FA3468,18-FE-34-FA-34-68,18FE34FA3468
1A-FE-34-FA-38-80,1AFE34FA3880,18-FE-34-FA-38-80,18FE34FA3880
1A-FE-34-FA-33-0F,1AFE34FA330F,18-FE-34-FA-33-0F,18FE34FA330F
1A-FE-34-FA-39-29,1AFE34FA3929,18-FE-34-FA-39-29,18FE34FA3929
1A-FE-34-FA-36-19,1AFE34FA3619,18-FE-34-FA-36-19,18FE34FA3619
1A-FE-34-FA-36-54,1AFE34FA3654,18-FE-34-FA-36-54,18FE34FA3654
1A-FE-34-FA-3D-C0,1AFE34FA3DC0,18-FE-34-FA-3D-C0,18FE34FA3DC0
1A-FE-34-A2-E1-89,1AFE34A2E189,18-FE-34-A2-E1-89,18FE34A2E189
1A-FE-34-FA-36-15,1AFE34FA3615,18-FE-34-FA-36-15,18FE34FA3615
1A-FE-34-FA-33-A3,1AFE34FA33A3,18-FE-34-FA-33-A3,18FE34FA33A3
1A-FE-34-FA-35-74,1AFE34FA3574,18-FE-34-FA-35-74,18FE34FA3574
1A-FE-34-FA-35-45,1AFE34FA3545,18-FE-34-FA-35-45,18FE34FA3545
1A-FE-34-FA-36-67,1AFE34FA3667,18-FE-34-FA-36-67,18FE34FA3667
1A-FE-34-FA-32-FC,1AFE34FA32FC,18-FE-34-FA-32-FC,18FE34FA32FC
1A-FE-34-FA-36-E2,1AFE34FA36E2,18-FE-34-FA-36-E2,18FE34FA36E2
1A-FE-34-FA-33-51,1AFE34FA3351,18-FE-34-FA-33-51,18FE34FA3351
1A-FE-34-FA-33-B2,1AFE34FA33B2,18-FE-34-FA-33-B2,18FE34FA33B2
1A-FE-34-FA-33-39,1AFE34FA3339,18-FE-34-FA-33-39,18FE34FA3339
1A-FE-34-FA-35-F2,1AFE34FA35F2,18-FE-34-FA-35-F2,18FE34FA35F2
1A-FE-34-FA-3D-8A,1AFE34FA3D8A,18-FE-34-FA-3D-8A,18FE34FA3D8A
1A-FE-34-FA-33-00,1AFE34FA3300,18-FE-34-FA-33-00,18FE34FA3300
1A-FE-34-FA-3A-5A,1AFE34FA3A5A,18-FE-34-FA-3A-5A,18FE34FA3A5A
1A-FE-34-FA-35-46,1AFE34FA3546,18-FE-34-FA-35-46,18FE34FA3546
1A-FE-34-FA-3D-CB,1AFE34FA3DCB,18-FE-34-FA-3D-CB,18FE34FA3DCB
1A-FE-34-FA-3A-00,1AFE34FA3A00,18-FE-34-FA-3A-00,18FE34FA3A00
1A-FE-34-FA-32-98,1AFE34FA3298,18-FE-34-FA-32-98,18FE34FA3298
1A-FE-34-FA-32-FB,1AFE34FA32FB,18-FE-34-FA-32-FB,18FE34FA32FB
1A-FE-34-FA-3B-39,1AFE34FA3B39,18-FE-34-FA-3B-39,18FE34FA3B39
1A-FE-34-F4-BE-CB,1AFE34F4BECB,18-FE-34-F4-BE-CB,18FE34F4BECB
1A-FE-34-F4-BE-CB,1AFE34F4BECB,18-FE-34-F4-BE-CB,18FE34F4BECB
1A-FE-34-F4-BE-CB,1AFE34F4BECB,18-FE-34-F4-BE-CB,18FE34F4BECB
1A-FE-34-F4-BF-B4,1AFE34F4BFB4,18-FE-34-F4-BF-B4,18FE34F4BFB4
1A-FE-34-F4-BF-B4,1AFE34F4BFB4,18-FE-34-F4-BF-B4,18FE34F4BFB4
1A-FE-34-F4-BF-B4,1AFE34F4BFB4,18-FE-34-F4-BF-B4,18FE34F4BFB4
1A-FE-34-F4-BF-B4,1AFE34F4BFB4,18-FE-34-F4-BF-B4,18FE34F4BFB4
1A-FE-34-F4-BF-B4,1AFE34F4BFB4,18-FE-34-F4-BF-B4,18FE34F4BFB4
1A-FE-34-F4-BF-B4,1AFE34F4BFB4,18-FE-34-F4-BF-B4,18FE34F4BFB4
1A-FE-34-F4-C1-17,1AFE34F4C117,18-FE-34-F4-C1-17,18FE34F4C117
1A-FE-34-F4-BF-ED,1AFE34F4BFED,18-FE-34-F4-BF-ED,18FE34F4BFED
1A-FE-34-F4-C1-96,1AFE34F4C196,18-FE-34-F4-C1-96,18FE34F4C196
1A-FE-34-F4-C1-57,1AFE34F4C157,18-FE-34-F4-C1-57,18FE34F4C157
1A-FE-34-F4-BF-65,1AFE34F4BF65,18-FE-34-F4-BF-65,18FE34F4BF65
1A-FE-34-F4-C1-3B,1AFE34F4C13B,18-FE-34-F4-C1-3B,18FE34F4C13B
1A-FE-34-F4-BF-A6,1AFE34F4BFA6,18-FE-34-F4-BF-A6,18FE34F4BFA6
1A-FE-34-F4-C0-F0,1AFE34F4C0F0,18-FE-34-F4-C0-F0,18FE34F4C0F0
1A-FE-34-F4-C0-F0,1AFE34F4C0F0,18-FE-34-F4-C0-F0,18FE34F4C0F0
1A-FE-34-F4-C0-F0,1AFE34F4C0F0,18-FE-34-F4-C0-F0,18FE34F4C0F0
1A-FE-34-F4-C0-FF,1AFE34F4C0FF,18-FE-34-F4-C0-FF,18FE34F4C0FF
1A-FE-34-F4-BE-F5,1AFE34F4BEF5,18-FE-34-F4-BE-F5,18FE34F4BEF5
1A-FE-34-F4-C1-8F,1AFE34F4C18F,18-FE-34-F4-C1-8F,18FE34F4C18F
1A-FE-34-F4-C1-8F,1AFE34F4C18F,18-FE-34-F4-C1-8F,18FE34F4C18F
1A-FE-34-F4-C1-8F,1AFE34F4C18F,18-FE-34-F4-C1-8F,18FE34F4C18F
1A-FE-34-F4-BF-73,1AFE34F4BF73,18-FE-34-F4-BF-73,18FE34F4BF73
1A-FE-34-F4-C0-37,1AFE34F4C037,18-FE-34-F4-C0-37,18FE34F4C037
1A-FE-34-F4-BF-4E,1AFE34F4BF4E,18-FE-34-F4-BF-4E,18FE34F4BF4E
1A-FE-34-F4-C0-BC,1AFE34F4C0BC,18-FE-34-F4-C0-BC,18FE34F4C0BC
1A-FE-34-F4-BE-A7,1AFE34F4BEA7,18-FE-34-F4-BE-A7,18FE34F4BEA7
1A-FE-34-F4-BF-67,1AFE34F4BF67,18-FE-34-F4-BF-67,18FE34F4BF67
1A-FE-34-F4-BF-67,1AFE34F4BF67,18-FE-34-F4-BF-67,18FE34F4BF67
1A-FE-34-F4-BF-67,1AFE34F4BF67,18-FE-34-F4-BF-67,18FE34F4BF67
1A-FE-34-F4-BF-0C,1AFE34F4BF0C,18-FE-34-F4-BF-0C,18FE34F4BF0C
1A-FE-34-F4-C0-54,1AFE34F4C054,18-FE-34-F4-C0-54,18FE34F4C054
1A-FE-34-F4-C1-F3,1AFE34F4C1F3,18-FE-34-F4-C1-F3,18FE34F4C1F3
1A-FE-34-F4-C1-F3,1AFE34F4C1F3,18-FE-34-F4-C1-F3,18FE34F4C1F3
1A-FE-34-F4-C1-F3,1AFE34F4C1F3,18-FE-34-F4-C1-F3,18FE34F4C1F3
1A-FE-34-F4-BE-BE,1AFE34F4BEBE,18-FE-34-F4-BE-BE,18FE34F4BEBE
1A-FE-34-F4-BE-BE,1AFE34F4BEBE,18-FE-34-F4-BE-BE,18FE34F4BEBE
1A-FE-34-F4-BE-BE,1AFE34F4BEBE,18-FE-34-F4-BE-BE,18FE34F4BEBE
1A-FE-34-F4-C1-BE,1AFE34F4C1BE,18-FE-34-F4-C1-BE,18FE34F4C1BE
1A-FE-34-F4-C1-10,1AFE34F4C110,18-FE-34-F4-C1-10,18FE34F4C110
1A-FE-34-F4-BE-8E,1AFE34F4BE8E,18-FE-34-F4-BE-8E,18FE34F4BE8E
1A-FE-34-F4-BE-8E,1AFE34F4BE8E,18-FE-34-F4-BE-8E,18FE34F4BE8E
1A-FE-34-F4-C0-A7,1AFE34F4C0A7,18-FE-34-F4-C0-A7,18FE34F4C0A7
1A-FE-34-F4-C2-3B,1AFE34F4C23B,18-FE-34-F4-C2-3B,18FE34F4C23B
1A-FE-34-F4-C1-90,1AFE34F4C190,18-FE-34-F4-C1-90,18FE34F4C190
1A-FE-34-F4-C1-90,1AFE34F4C190,18-FE-34-F4-C1-90,18FE34F4C190
1A-FE-34-F4-C2-7A,1AFE34F4C27A,18-FE-34-F4-C2-7A,18FE34F4C27A
1A-FE-34-F4-C2-2A,1AFE34F4C22A,18-FE-34-F4-C2-2A,18FE34F4C22A
1A-FE-34-F4-C0-18,1AFE34F4C018,18-FE-34-F4-C0-18,18FE34F4C018
1A-FE-34-F4-C1-48,1AFE34F4C148,18-FE-34-F4-C1-48,18FE34F4C148
1A-FE-34-F4-BF-7D,1AFE34F4BF7D,18-FE-34-F4-BF-7D,18FE34F4BF7D
1A-FE-34-F4-C0-5B,1AFE34F4C05B,18-FE-34-F4-C0-5B,18FE34F4C05B
1A-FE-34-F4-BF-1F,1AFE34F4BF1F,18-FE-34-F4-BF-1F,18FE34F4BF1F
1A-FE-34-F4-C2-6E,1AFE34F4C26E,18-FE-34-F4-C2-6E,18FE34F4C26E
1A-FE-34-F4-C0-1F,1AFE34F4C01F,18-FE-34-F4-C0-1F,18FE34F4C01F
1A-FE-34-F4-C2-96,1AFE34F4C296,18-FE-34-F4-C2-96,18FE34F4C296
1A-FE-34-F4-BE-D5,1AFE34F4BED5,18-FE-34-F4-BE-D5,18FE34F4BED5
1A-FE-34-FA-EF-FC,1AFE34FAEFFC,18-FE-34-FA-EF-FC,18FE34FAEFFC
1A-FE-34-FA-F0-38,1AFE34FAF038,18-FE-34-FA-F0-38,18FE34FAF038
1A-FE-34-FA-F1-6E,1AFE34FAF16E,18-FE-34-FA-F1-6E,18FE34FAF16E
1A-FE-34-FA-F0-44,1AFE34FAF044,18-FE-34-FA-F0-44,18FE34FAF044
1A-FE-34-FA-F0-70,1AFE34FAF070,18-FE-34-FA-F0-70,18FE34FAF070
1A-FE-34-F4-C0-4A,1AFE34F4C04A,18-FE-34-F4-C0-4A,18FE34F4C04A
1A-FE-34-F4-C0-4A,1AFE34F4C04A,18-FE-34-F4-C0-4A,18FE34F4C04A
1A-FE-34-F4-C0-6C,1AFE34F4C06C,18-FE-34-F4-C0-6C,18FE34F4C06C
1A-FE-34-A6-82-E2,1AFE34A682E2,18-FE-34-A6-82-E2,18FE34A682E2
1A-FE-34-06-25-54,1AFE34062554,18-FE-34-06-25-54,18FE34062554
1A-FE-34-06-25-54,1AFE34062554,18-FE-34-06-25-54,18FE34062554
1A-FE-34-06-25-54,1AFE34062554,18-FE-34-06-25-54,18FE34062554
1A-FE-34-F4-C1-39,1AFE34F4C139,18-FE-34-F4-C1-39,18FE34F4C139
1A-FE-34-F4-C1-39,1AFE34F4C139,18-FE-34-F4-C1-39,18FE34F4C139
1A-FE-34-F4-C1-2D,1AFE34F4C12D,18-FE-34-F4-C1-2D,18FE34F4C12D
1A-FE-34-F4-C1-2D,1AFE34F4C12D,18-FE-34-F4-C1-2D,18FE34F4C12D
1A-FE-34-F4-BF-C1,1AFE34F4BFC1,18-FE-34-F4-BF-C1,18FE34F4BFC1
1A-FE-34-F4-C2-93,1AFE34F4C293,18-FE-34-F4-C2-93,18FE34F4C293
1A-FE-34-F4-BF-10,1AFE34F4BF10,18-FE-34-F4-BF-10,18FE34F4BF10
1A-FE-34-F4-BF-86,1AFE34F4BF86,18-FE-34-F4-BF-86,18FE34F4BF86
1A-FE-34-F4-BF-86,1AFE34F4BF86,18-FE-34-F4-BF-86,18FE34F4BF86
1A-FE-34-F4-BF-1B,1AFE34F4BF1B,18-FE-34-F4-BF-1B,18FE34F4BF1B
1A-FE-34-F4-BF-09,1AFE34F4BF09,18-FE-34-F4-BF-09,18FE34F4BF09
1A-FE-34-F4-C0-8F,1AFE34F4C08F,18-FE-34-F4-C0-8F,18FE34F4C08F
1A-FE-34-06-25-9C,1AFE3406259C,18-FE-34-06-25-9C,18FE3406259C
1A-FE-34-06-25-54,1AFE34062554,18-FE-34-06-25-54,18FE34062554
1A-FE-34-06-26-D3,1AFE340626D3,18-FE-34-06-26-D3,18FE340626D3
1A-FE-34-06-29-59,1AFE34062959,18-FE-34-06-29-59,18FE34062959
1A-FE-34-06-24-41,1AFE34062441,18-FE-34-06-24-41,18FE34062441
1A-FE-34-06-26-BE,1AFE340626BE,18-FE-34-06-26-BE,18FE340626BE
1A-FE-34-06-73-03,1AFE34067303,18-FE-34-06-73-03,18FE34067303
1A-FE-34-06-72-FF,1AFE340672FF,18-FE-34-06-72-FF,18FE340672FF
1A-FE-34-06-73-59,1AFE34067359,18-FE-34-06-73-59,18FE34067359
1A-FE-34-06-72-D0,1AFE340672D0,18-FE-34-06-72-D0,18FE340672D0
1A-FE-34-06-74-01,1AFE34067401,18-FE-34-06-74-01,18FE34067401
1A-FE-34-06-74-CB,1AFE340674CB,18-FE-34-06-74-CB,18FE340674CB
1A-FE-34-06-72-F9,1AFE340672F9,18-FE-34-06-72-F9,18FE340672F9
1A-FE-34-06-25-B5,1AFE340625B5,18-FE-34-06-25-B5,18FE340625B5
1A-FE-34-06-74-25,1AFE34067425,18-FE-34-06-74-25,18FE34067425
1A-FE-34-06-74-58,1AFE34067458,18-FE-34-06-74-58,18FE34067458
1A-FE-34-06-26-47,1AFE34062647,18-FE-34-06-26-47,18FE34062647
1A-FE-34-06-25-81,1AFE34062581,18-FE-34-06-25-81,18FE34062581
1A-FE-34-06-72-13,1AFE34067213,18-FE-34-06-72-13,18FE34067213
1A-FE-34-06-26-4B,1AFE3406264B,18-FE-34-06-26-4B,18FE3406264B
1A-FE-34-06-72-31,1AFE34067231,18-FE-34-06-72-31,18FE34067231
1A-FE-34-06-23-5E,1AFE3406235E,18-FE-34-06-23-5E,18FE3406235E
1A-FE-34-06-23-2A,1AFE3406232A,18-FE-34-06-23-2A,18FE3406232A
1A-FE-34-06-25-C3,1AFE340625C3,18-FE-34-06-25-C3,18FE340625C3
1A-FE-34-06-29-4F,1AFE3406294F,18-FE-34-06-29-4F,18FE3406294F
1A-FE-34-06-3C-83,1AFE34063C83,18-FE-34-06-3C-83,18FE34063C83
1A-FE-34-F4-C0-96,1AFE34F4C096,18-FE-34-F4-C0-96,18FE34F4C096
1A-FE-34-F4-C0-67,1AFE34F4C067,18-FE-34-F4-C0-67,18FE34F4C067
1A-FE-34-F4-C0-1D,1AFE34F4C01D,18-FE-34-F4-C0-1D,18FE34F4C01D
1A-FE-34-F4-C1-B9,1AFE34F4C1B9,18-FE-34-F4-C1-B9,18FE34F4C1B9
1A-FE-34-F4-BF-74,1AFE34F4BF74,18-FE-34-F4-BF-74,18FE34F4BF74
1A-FE-34-F4-C1-05,1AFE34F4C105,18-FE-34-F4-C1-05,18FE34F4C105
1A-FE-34-F4-BF-5B,1AFE34F4BF5B,18-FE-34-F4-BF-5B,18FE34F4BF5B
1A-FE-34-F4-BF-99,1AFE34F4BF99,18-FE-34-F4-BF-99,18FE34F4BF99
1A-FE-34-F4-BF-19,1AFE34F4BF19,18-FE-34-F4-BF-19,18FE34F4BF19
1A-FE-34-F4-C0-8D,1AFE34F4C08D,18-FE-34-F4-C0-8D,18FE34F4C08D
1A-FE-34-F4-BF-DC,1AFE34F4BFDC,18-FE-34-F4-BF-DC,18FE34F4BFDC
1A-FE-34-06-24-89,1AFE34062489,18-FE-34-06-24-89,18FE34062489
1A-FE-34-06-73-0C,1AFE3406730C,18-FE-34-06-73-0C,18FE3406730C
1A-FE-34-06-72-CB,1AFE340672CB,18-FE-34-06-72-CB,18FE340672CB
1A-FE-34-06-72-D6,1AFE340672D6,18-FE-34-06-72-D6,18FE340672D6
1A-FE-34-A6-82-E2,1AFE34A682E2,18-FE-34-A6-82-E2,18FE34A682E2
1A-FE-34-06-72-D6,1AFE340672D6,18-FE-34-06-72-D6,18FE340672D6
1A-FE-34-06-24-EF,1AFE340624EF,18-FE-34-06-24-EF,18FE340624EF
1A-FE-34-06-25-71,1AFE34062571,18-FE-34-06-25-71,18FE34062571
1A-FE-34-06-26-FA,1AFE340626FA,18-FE-34-06-26-FA,18FE340626FA
1A-FE-34-06-2A-36,1AFE34062A36,18-FE-34-06-2A-36,18FE34062A36
1A-FE-34-06-2A-36,1AFE34062A36,18-FE-34-06-2A-36,18FE34062A36
1A-FE-34-06-71-4B,1AFE3406714B,18-FE-34-06-71-4B,18FE3406714B
1A-FE-34-06-71-71,1AFE34067171,18-FE-34-06-71-71,18FE34067171
1A-FE-34-06-73-4A,1AFE3406734A,18-FE-34-06-73-4A,18FE3406734A
1A-FE-34-06-71-D4,1AFE340671D4,18-FE-34-06-71-D4,18FE340671D4
1A-FE-34-06-72-D6,1AFE340672D6,18-FE-34-06-72-D6,18FE340672D6
1A-FE-34-06-2A-36,1AFE34062A36,18-FE-34-06-2A-36,18FE34062A36
1A-FE-34-06-71-38,1AFE34067138,18-FE-34-06-71-38,18FE34067138
1A-FE-34-06-27-24,1AFE34062724,18-FE-34-06-27-24,18FE34062724
1A-FE-34-06-2A-36,1AFE34062A36,18-FE-34-06-2A-36,18FE34062A36
1A-FE-34-06-25-71,1AFE34062571,18-FE-34-06-25-71,18FE34062571
1A-FE-34-06-72-D6,1AFE340672D6,18-FE-34-06-72-D6,18FE340672D6
1A-FE-34-06-71-4B,1AFE3406714B,18-FE-34-06-71-4B,18FE3406714B
1A-FE-34-06-71-71,1AFE34067171,18-FE-34-06-71-71,18FE34067171
1A-FE-34-06-71-4B,1AFE3406714B,18-FE-34-06-71-4B,18FE3406714B
1A-FE-34-06-25-71,1AFE34062571,18-FE-34-06-25-71,18FE34062571
1A-FE-34-06-72-D6,1AFE340672D6,18-FE-34-06-72-D6,18FE340672D6
1A-FE-34-06-2A-36,1AFE34062A36,18-FE-34-06-2A-36,18FE34062A36
1A-FE-34-06-71-71,1AFE34067171,18-FE-34-06-71-71,18FE34067171
1A-FE-34-06-71-71,1AFE34067171,18-FE-34-06-71-71,18FE34067171
1A-FE-34-06-23-41,1AFE34062341,18-FE-34-06-23-41,18FE34062341
1A-FE-34-06-71-4B,1AFE3406714B,18-FE-34-06-71-4B,18FE3406714B
1A-FE-34-06-2A-36,1AFE34062A36,18-FE-34-06-2A-36,18FE34062A36
1A-FE-34-06-71-71,1AFE34067171,18-FE-34-06-71-71,18FE34067171
1A-FE-34-06-71-4B,1AFE3406714B,18-FE-34-06-71-4B,18FE3406714B
1A-FE-34-06-25-71,1AFE34062571,18-FE-34-06-25-71,18FE34062571
1A-FE-34-06-2A-36,1AFE34062A36,18-FE-34-06-2A-36,18FE34062A36
1A-FE-34-E4-C5-EA,1AFE34E4C5EA,18-FE-34-E4-C5-EA,18FE34E4C5EA
1A-FE-34-E4-C5-CC,1AFE34E4C5CC,18-FE-34-E4-C5-CC,18FE34E4C5CC
1A-FE-34-E6-7D-99,1AFE34E67D99,18-FE-34-E6-7D-99,18FE34E67D99
1A-FE-34-E6-7B-2B,1AFE34E67B2B,18-FE-34-E6-7B-2B,18FE34E67B2B
1A-FE-34-F4-C1-EF,1AFE34F4C1EF,18-FE-34-F4-C1-EF,18FE34F4C1EF
1A-FE-34-F4-C1-EF,1AFE34F4C1EF,18-FE-34-F4-C1-EF,18FE34F4C1EF
1A-FE-34-F4-C1-EF,1AFE34F4C1EF,18-FE-34-F4-C1-EF,18FE34F4C1EF
1A-FE-34-F4-C1-EF,1AFE34F4C1EF,18-FE-34-F4-C1-EF,18FE34F4C1EF
1A-FE-34-06-73-5C,1AFE3406735C,18-FE-34-06-73-5C,18FE3406735C
1A-FE-34-06-27-51,1AFE34062751,18-FE-34-06-27-51,18FE34062751
1A-FE-34-06-73-1C,1AFE3406731C,18-FE-34-06-73-1C,18FE3406731C
1A-FE-34-06-24-08,1AFE34062408,18-FE-34-06-24-08,18FE34062408
1A-FE-34-06-73-1C,1AFE3406731C,18-FE-34-06-73-1C,18FE3406731C
1A-FE-34-06-74-E5,1AFE340674E5,18-FE-34-06-74-E5,18FE340674E5
